{
    "name": "color-coded-pipes",
    "version": "0.0.6",
    "title": "Color Coded Pipes",
    "author": "asher_sky",
    "contact": "",
    "homepage": "",
    "Description": "Visualize and plan your fluid network with color-coded pipes! \nBuild with red, orange, yellow, green, blue, purple, pink, black, white and special optional colors for each fluid. \nIncludes pipes, pipe-to-grounds, pumps, and storage tanks.",
    "factorio_version": "1.1",
    "dependencies": [
        "base",
        "000",
        "000 DATM Lib Settings",
        "001",
        "002",
        "AbandonedRuins",
        "Alexs_Beltlayer_fix",
        "angelsaddons-cab",
        "angelsaddons-mobility",
        "angelsaddons-storage",
        "angelsbioprocessing",
        "angelsexploration",
        "angelsindustries",
        "angelspetrochem",
        "angelsrefining",
        "angelssmelting",
        "autocolor",
        "AutoDeconstruct",
        "auto_manual_mode",
        "BarrelFluidIcons",
        "belt-visualizer",
        "better-fluid-throughput",
        "BetterAlertArrows",
        "BigFluidWagon",
        "BlueprintTools",
        "blueprint_flip_and_turn",
        "bobassembly",
        "bobelectronics",
        "bobinserters",
        "boblibrary",
        "boblogistics",
        "bobmining",
        "bobmodules",
        "bobores",
        "bobplates",
        "bobpower",
        "bobtech",
        "BorderedAlertIcons_NtmFork",
        "BottleneckLite",
        "CableMaking",
        "ColorCodedPlanners",
        "configurable_mining_and_crafting_speed",
        "copy-machine-orientation",
        "Cursed-BCR",
        "Cursed-DB",
        "Cursed-FMD",
        "CursorEnhancements",
        "custom-map-colors",
        "custom_power_armor",
        "deadlock-beltboxes-loaders",
        "deadlock-integrations",
        "DeadlockBlackRubberBelts",
        "DisplayPlates",
        "DoubleCargoWagon",
        "DoubleWagons",
        "Electric Furnaces",
        "EvenDistributionLite",
        "EvoGUI",
        "extended-descriptions",
        "factorio-crash-site",
        "Factorissimo2",
        "Flare Stack",
        "flib",
        "Flow Control",
        "flow-config",
        "FluidMustFlow",
        "fluid_permutations",
        "gmans_obstacle_indicator",
        "GUI_Unifyer",
        "Gun_Turret_Alerts",
        "HelicopterReskin",
        "HelicopterRevival",
        "helmod",
        "HelmodAddonRequester",
        "IndustrialDisplayPlates",
        "Infinite_Repair_Pack_Revived",
        "inserter-stack-size-modifier",
        "inserter-visualizer",
        "inventory-repair",
        "Invulnerable-Rails-and-Poles-continued",
        "IondicatorsClassic",
        "ItemGiverGuiFix",
        "Krastorio2Assets",
        "large-storage-tank",
        "LinkedBelts",
        "LinkedBelts_FixUpgrades",
        "LoaderRedux",
        "LoaderRedux-BobLogistics",
        "manual-inventory-sort",
        "Manual-Mining-Productivity",
        "manual-trains-at-temp-stops",
        "map-tag-generator",
        "minime",
        "more-minimap-autohide-017",
        "MouseOverConstruction",
        "Noxys_Waterfill",
        "No_Lab_Names",
        "Oil_Based_Paint",
        "ordered-rich-text-train-stops",
        "persistent-character",
        "pipelayer",
        "PipeVisualizer",
        "Placeables",
        "PlacementGuide",
        "Portable_power",
        "quick-wagon-filter",
        "QuickbarTemplates",
        "QuickItemSwapFixed",
        "QuickMapSearch",
        "railloader",
        "RampantFixed",
        "RealisticReactorGlow",
        "Realistic_Heat_Glow",
        "RecipeBook",
        "Renamer",
        "Repair_Command",
        "reskins-angels",
        "reskins-bobs",
        "reskins-compatibility",
        "reskins-library",
        "rewire-tool",
        "Robot256Lib",
        "rotate-vehicles",
        "RUSLocalizationsModsForFactorio",
        "SchallRemainsPickup",
        "Shortcuts-ick",
        "showTileGridLite",
        "Silly-AbandonedRuins",
        "slightly_smarter_pipette",
        "smaller-mod-list",
        "SmallRobots",
        "squeak-through-2",
        "StatsGui",
        "stdlib",
        "ThickerLines",
        "train-signal-visualizer",
        "TrainDriver_A16_fix",
        "TrainGroups",
        "TrainModeSwitcher",
        "TrainScheduleHelper",
        "Train_Energy_Distribution",
        "UltimateResearchQueue",
        "vehicle-corpses",
        "VehicleSnap",
        "Warehousing",
        "WarehousingRoof",
        "WireShortcuts",
        "ZElectricVehicles",
        "zithorian-extra-storage-tanks"
    ]
}