{
  "name": "color-coded-pipes",
  "version": "1.1.1",
  "title": "Color Coded Pipes",
  "author": "asher_sky",
  "contact": "",
  "homepage": "",
  "Description": "Visualize and plan your fluid network with color-coded pipes! \nBuild with red, orange, yellow, green, blue, purple, pink, black, white, and perfect-match colors for each fluid. \nIncludes pipes, undergrounds, pumps, and storage tanks.",
  "factorio_version": "2.0",
  "dependencies": [
    "base"
  ],
  "package": {
    "ignore": [
      "**/*.psd"
    ]
  }
}
